{
    "gpu_type": "NVIDIA H800",
    "gpu_memory_total": 85028634624,
    "model_name": "FluxLatentsGenerator",
    "loading": {
        "disk_to_host_mem_time": 1.6689300537109375e-06,
        "host_mem_to_gpu_time": 0.0,
        "gpu_memory_required": 0.0
    },
    "execution": [
        {
            "mode": "default",
            "results": [
                {
                    "batch_size": 1,
                    "height": 1024,
                    "width": 1024,
                    "execution_time": 0.005121946334838867,
                    "gpu_memory_used": 1048576.0
                },
                {
                    "batch_size": 2,
                    "height": 1024,
                    "width": 1024,
                    "execution_time": 0.010048961639404297,
                    "gpu_memory_used": 2097152.0
                },
                {
                    "batch_size": 4,
                    "height": 1024,
                    "width": 1024,
                    "execution_time": 0.019968652725219728,
                    "gpu_memory_used": 4194304.0
                },
                {
                    "batch_size": 8,
                    "height": 1024,
                    "width": 1024,
                    "execution_time": 0.039672327041625974,
                    "gpu_memory_used": 8388608.0
                }
            ]
        }
    ]
}
