{
    "gpu_type": "NVIDIA H800",
    "gpu_memory_total": 85028634624,
    "model_name": "Flux1DevControlNetDepth",
    "loading": {
        "disk_to_host_mem_time": 0.013501405715942383,
        "host_mem_to_gpu_time": 0.1683506488800049,
        "gpu_memory_required": 1487620608.0
    },
    "execution": [
        {
            "mode": "default",
            "results": [
                {
                    "batch_size": 1,
                    "height": 1024,
                    "width": 1024,
                    "execution_time": 0.010878467559814453,
                    "gpu_memory_used": 1887791104.0
                },
                {
                    "batch_size": 2,
                    "height": 1024,
                    "width": 1024,
                    "execution_time": 0.020278024673461913,
                    "gpu_memory_used": 2247796224.0
                },
                {
                    "batch_size": 4,
                    "height": 1024,
                    "width": 1024,
                    "execution_time": 0.0384307861328125,
                    "gpu_memory_used": 2969117184.0
                },
                {
                    "batch_size": 8,
                    "height": 1024,
                    "width": 1024,
                    "execution_time": 0.07563219070434571,
                    "gpu_memory_used": 4412283392.0
                }
            ]
        }
    ]
}
